"2016/01/18 10:00:16","onechord","L16","Link","nanomokoshyaru","Chuo Shintomi 2 Post Office","大野屋総本店: ","27182818","2 Chome-2-1 Shintomi, Chūō-ku, Tōkyō-to, Japan","35.671890","139.773768"
"2016/01/18 09:58:55","onechord","L16","Resonator","korofuku","八丁堀の与力・同心組屋敷跡","","winqui","3 Chome-18-7 Hatchōbori, Chūō-ku, Tōkyō-to, Japan","35.674732","139.775886"
"2016/01/18 09:50:29","onechord","L16","Resonator","nanomokoshyaru","Art Wall","","onechord","2 Chome-11-6 Shintomi, Chūō, Tokyo, Japan","35.671096","139.774797"
"2016/01/18 09:50:28","onechord","L16","Resonator","nanomokoshyaru","Shintomiinari Shrine","","","2 Chome-9-4 Shintomi, Chūō, Tokyo, Japan","35.670994","139.774307"
"2016/01/18 09:49:55","onechord","L16","Resonator","nanomokoshyaru","Shintomiinari Shrine","","onechord","2 Chome-9-4 Shintomi, Chūō, Tokyo, Japan","35.670994","139.774307"
"2016/01/18 09:49:54","onechord","L16","Link","nanomokoshyaru","Shintomiinari Shrine","救世軍渡来記念の地: ","onechord","2 Chome-4-5 Shintomi, Chūō, Tokyo, Japan","35.670994","139.774307"
"2016/01/18 09:49:53","onechord","L16","Resonator","nanomokoshyaru","Shintomiinari Shrine","","onechord","2 Chome-9-4 Shintomi, Chūō, Tokyo, Japan","35.670994","139.774307"
"2016/01/18 09:46:07","onechord","L16","Link","nanomokoshyaru","新富座跡","Dragon on the wall: ","27182818","Japan, 〒104-0041 Tōkyō-to, Chūō-ku, Shintomi, 2 Chome 都道473号線","35.671405","139.773556"
"2016/01/18 09:46:03","onechord","L16","Resonator","nanomokoshyaru","Dragon on the wall","","mkbktm1981","Japan, 〒104-0041 Tōkyō-to, Chūō-ku, Shintomi, 2 Chome 都道473号線","35.671199","139.772852"
"2016/01/18 09:45:49","onechord","L16","Resonator","nanomokoshyaru","Dragon on the wall","","mkbktm1981","Japan, 〒104-0041 Tōkyō-to, Chūō-ku, Shintomi, 2 Chome 都道473号線","35.671199","139.772852"
"2016/01/18 09:45:37","onechord","L16","Mod","nanomokoshyaru","Dragon on the wall","","mkbktm1981","Japan, 〒104-0041 Tōkyō-to, Chūō-ku, Shintomi, 2 Chome 都道473号線","35.671199","139.772852"
"2016/01/18 08:39:45","onechord","L16","Resonator","Zelvia","Art Wall","","onechord","2 Chome-11-6 Shintomi, Chūō, Tokyo, Japan","35.671096","139.774797"
"2016/01/18 08:39:14","onechord","L16","Link","Zelvia","Shintomiinari Shrine","Art Wall: ","onechord","2 Chome-11-6 Shintomi, Chūō, Tokyo, Japan","35.670994","139.774307"
"2016/01/18 08:39:13","onechord","L16","Resonator","Zelvia","Art Wall","","onechord","2 Chome-11-6 Shintomi, Chūō, Tokyo, Japan","35.671096","139.774797"
"2016/01/18 08:39:11","onechord","L16","Resonator","Zelvia","Shintomiinari Shrine","","onechord","2 Chome-9-4 Shintomi, Chūō, Tokyo, Japan","35.670994","139.774307"
"2016/01/18 08:39:05","onechord","L16","Resonator","Zelvia","Art Wall","","onechord","2 Chome-11-6 Shintomi, Chūō, Tokyo, Japan","35.671096","139.774797"
"2016/01/18 07:28:12","onechord","L16","Resonator","SilentTone","西荻窪平和児童公園","","","3 Chome-18-9 Nishiogiminami, Suginami-ku, Tōkyō-to, Japan","35.703357","139.602138"
"2016/01/18 07:28:11","onechord","L16","Resonator","SilentTone","西荻窪平和児童公園","","onechord","3 Chome-18-9 Nishiogiminami, Suginami-ku, Tōkyō-to, Japan","35.703357","139.602138"
"2016/01/18 07:27:52","onechord","L16","Resonator","SilentTone","西荻窪平和児童公園","","onechord","3 Chome-18-9 Nishiogiminami, Suginami-ku, Tōkyō-to, Japan","35.703357","139.602138"
"2016/01/18 07:27:42","onechord","L16","Resonator","SilentTone","西荻窪平和児童公園","","onechord","3 Chome-18-9 Nishiogiminami, Suginami-ku, Tōkyō-to, Japan","35.703357","139.602138"
"2016/01/18 07:27:40","onechord","L16","Resonator","SilentTone","こけし屋","","","3 Chome-15-4 Nishiogiminami, Suginami, Tokyo, Japan","35.703194","139.601014"
"2016/01/18 07:23:00","onechord","L16","Mod","Fudou0328","Saitokuji","","Rakufuku","Japan, 〒110-0012 Tokyo, Taitō, Ryusen, 1 Chome 都道462号線","35.723406","139.790959"
"2016/01/18 07:22:25","onechord","L16","Resonator","chutam","西荻窪のピンクの象","","","3 Chome-9-10 Nishiogiminami, Suginami-ku, Tōkyō-to, Japan","35.703069","139.599971"
"2016/01/18 07:21:21","onechord","L16","Resonator","chutam","鞍馬のオブジェ","","","3 Chome-10-1 Nishiogiminami, Suginami-ku, Tōkyō-to, Japan","35.702974","139.599727"
"2016/01/18 07:21:14","onechord","L16","Resonator","chutam","鞍馬のオブジェ","","matikooriginal2","3 Chome-10-1 Nishiogiminami, Suginami-ku, Tōkyō-to, Japan","35.702974","139.599727"
"2016/01/18 07:21:11","onechord","L16","Resonator","chutam","西荻窪のピンクの象","","matikooriginal2","3 Chome-9-10 Nishiogiminami, Suginami-ku, Tōkyō-to, Japan","35.703069","139.599971"
"2016/01/18 07:20:55","onechord","L16","Resonator","chutam","西荻窪のピンクの象","","matikooriginal2","3 Chome-9-10 Nishiogiminami, Suginami-ku, Tōkyō-to, Japan","35.703069","139.599971"
"2016/01/18 07:20:45","onechord","L16","Resonator","chutam","鞍馬のオブジェ","","matikooriginal2","3 Chome-10-1 Nishiogiminami, Suginami-ku, Tōkyō-to, Japan","35.702974","139.599727"
"2016/01/18 07:00:27","onechord","L16","Mod","okachin777","江戸町ご案内板","","","2 Chome-4-6 Asakusa, Taitō-ku, Tōkyō-to 111-0032, Japan","35.713503","139.793533"
"2016/01/18 06:55:21","onechord","L16","Resonator","okachin777","Dragon","","onechord","2 Chome-6-11 Asakusa, Taitō, Tokyo, Japan","35.714558","139.793496"
"2016/01/18 06:55:15","onechord","L16","Resonator","okachin777","Dragon","","onechord","2 Chome-6-11 Asakusa, Taitō, Tokyo, Japan","35.714558","139.793496"
"2016/01/18 06:55:12","onechord","L16","Resonator","okachin777","浅草リトルシアター","","","1 Chome-41-7 Asakusa, Taitō-ku, Tōkyō-to 111-0032, Japan","35.713196","139.793896"
"2016/01/18 06:47:46","onechord","L16","Resonator","okachin777","浅草寺西参道 Sensouji Temple Entrance Path West","","onechord","2 Chome-6-15 Asakusa, Taitō, Tokyo, Japan","35.714537","139.794124"
"2016/01/18 06:47:31","onechord","L16","Resonator","choshi23","Shintomiinari Shrine","","onechord","2 Chome-9-4 Shintomi, Chūō, Tokyo, Japan","35.670994","139.774307"
"2016/01/18 06:47:25","onechord","L16","Resonator","okachin777","Stones","","onechord","Japan, Tokyo, Taito, Asakusa, ２丁目１６−７","35.715883","139.794202"
"2016/01/18 06:46:24","onechord","L16","Resonator","okachin777","浅草寺西参道 Sensouji Temple Entrance Path West","","onechord","2 Chome-6-15 Asakusa, Taitō, Tokyo, Japan","35.714537","139.794124"
"2016/01/18 06:46:22","onechord","L16","Link","okachin777","浅草寺西参道 Sensouji Temple Entrance Path West","鬼瓦: ","onechord","2 Chome-7-14 Asakusa, Taitō-ku, Tōkyō-to 111-0032, Japan","35.714537","139.794124"
"2016/01/18 06:46:21","onechord","L16","Link","okachin777","ブラ坊神社","浅草観音温泉: ","onechord","2 Chome-7-26 Asakusa, Taitō-ku, Tōkyō-to, Japan","35.715306","139.794784"
"2016/01/18 06:46:21","onechord","L16","Resonator","okachin777","火乃用心","","onechord","2 Chome-28-1 Asakusa, Taito, Tokyo, Japan","35.715277","139.794522"
"2016/01/18 06:46:19","onechord","L16","Resonator","okachin777","火乃用心","","onechord","2 Chome-28-1 Asakusa, Taito, Tokyo, Japan","35.715277","139.794522"
"2016/01/18 06:44:32","onechord","L16","Link","okachin777","浅草花やしき 浅草門","ブラ坊神社: ","onechord","2 Chome-7-26 Asakusa, Taitō-ku, Tōkyō-to, Japan","35.715199","139.795065"
"2016/01/18 06:44:31","onechord","L16","Resonator","okachin777","火乃用心","","onechord","2 Chome-28-1 Asakusa, Taito, Tokyo, Japan","35.715277","139.794522"
"2016/01/18 06:44:28","onechord","L16","Resonator","okachin777","浅草寺 胎内くぐりの灯籠","","","Japan, Tokyo, Taito, Asakusa, ２丁目２９−１","35.714880","139.795391"
"2016/01/18 06:44:24","onechord","L16","Resonator","okachin777","火乃用心","","onechord","2 Chome-28-1 Asakusa, Taito, Tokyo, Japan","35.715277","139.794522"
"2016/01/18 06:44:20","onechord","L16","Link","okachin777","浅草寺 魂針供養之塔","浅草寺 胎内くぐりの灯籠: ","onechord","Japan, Tokyo, Taito, Asakusa, ２丁目２９−１","35.715041","139.795253"
"2016/01/18 06:44:19","onechord","L16","Resonator","okachin777","浅草寺 胎内くぐりの灯籠","","onechord","Japan, Tokyo, Taito, Asakusa, ２丁目２９−１","35.714880","139.795391"
"2016/01/18 06:44:18","onechord","L16","Link","okachin777","銭塚地蔵尊","めぐみ地蔵尊: ","","Japan, Tokyo, Taito, Asakusa, ２丁目２９−１","35.715359","139.795859"
"2016/01/18 06:44:17","onechord","L16","Resonator","okachin777","銭塚地蔵尊","","","Japan, Tokyo, Taito, Asakusa, ２丁目２９−１９","35.715359","139.795859"
"2016/01/18 06:42:42","onechord","L16","Resonator","okachin777","火乃用心","","onechord","2 Chome-28-1 Asakusa, Taito, Tokyo, Japan","35.715277","139.794522"
"2016/01/18 06:42:07","onechord","L16","Resonator","okachin777","銭塚地蔵尊","","maru5","Japan, Tokyo, Taito, Asakusa, ２丁目２９−１９","35.715359","139.795859"
"2016/01/18 06:41:40","onechord","L16","Resonator","okachin777","銭塚地蔵尊","","maru5","Japan, Tokyo, Taito, Asakusa, ２丁目２９−１９","35.715359","139.795859"
"2016/01/18 06:41:27","onechord","L16","Link","okachin777","暫像(Shibaraku Statue)","銭塚地蔵尊: ","onechord","Japan, Tokyo, Taito, Asakusa, ２丁目２９−１９","35.715674","139.796193"
"2016/01/18 06:41:26","onechord","L16","Resonator","okachin777","銭塚地蔵尊","","maru5","Japan, Tokyo, Taito, Asakusa, ２丁目２９−１９","35.715359","139.795859"
"2016/01/18 06:41:15","onechord","L16","Resonator","okachin777","清水本店 鎧兜","","","2 Chome-30-13 Asakusa, Taitō-ku, Tōkyō-to 111-0032, Japan","35.715938","139.796166"
"2016/01/18 06:41:04","onechord","L16","Resonator","okachin777","暫像(Shibaraku Statue)","","onechord","Japan, Tokyo, Taito, Asakusa, ２丁目３０−１１","35.715674","139.796193"
"2016/01/18 06:37:15","onechord","L16","Resonator","ido22","Art Wall","","onechord","2 Chome-11-6 Shintomi, Chūō, Tokyo, Japan","35.671096","139.774797"
"2016/01/18 06:37:11","onechord","L16","Resonator","ido22","Shintomiinari Shrine","","onechord","2 Chome-9-4 Shintomi, Chūō, Tokyo, Japan","35.670994","139.774307"
"2016/01/18 06:37:10","onechord","L16","Link","ido22","Art Wall","靴業発祥の地: ","onechord","Japan, Tokyo, Chuo, Irifune, 3 Chome−2 都道473号線","35.671096","139.774797"
"2016/01/18 06:37:10","onechord","L16","Resonator","ido22","Art Wall","","onechord","2 Chome-11-6 Shintomi, Chūō, Tokyo, Japan","35.671096","139.774797"
"2016/01/18 06:37:08","onechord","L16","Resonator","ido22","Shintomiinari Shrine","","onechord","2 Chome-9-4 Shintomi, Chūō, Tokyo, Japan","35.670994","139.774307"
"2016/01/18 06:37:06","onechord","L16","Resonator","okachin777","めぐみ地蔵尊","","maru5","Japan, Tokyo, Taito, Asakusa, ２丁目２９−１","35.715082","139.795882"
"2016/01/18 06:37:01","onechord","L16","Resonator","ido22","靴業発祥の地","","onechord","Japan, Tokyo, Chuo, Irifune, 3 Chome−2 都道473号線","35.670247","139.775241"
"2016/01/18 06:37:01","onechord","L16","Resonator","ido22","靴業発祥の地","","onechord","Japan, Tokyo, Chuo, Irifune, 3 Chome−2 都道473号線","35.670247","139.775241"
"2016/01/18 06:36:59","onechord","L16","Resonator","ido22","靴業発祥の地","","onechord","Japan, Tokyo, Chuo, Irifune, 3 Chome−2 都道473号線","35.670247","139.775241"
"2016/01/18 06:36:58","onechord","L16","Resonator","ido22","靴業発祥の地","","onechord","Japan, Tokyo, Chuo, Irifune, 3 Chome−2 都道473号線","35.670247","139.775241"
"2016/01/18 06:36:52","onechord","L16","Mod","ido22","Art Wall","","onechord","2 Chome-11-6 Shintomi, Chūō, Tokyo, Japan","35.671096","139.774797"
"2016/01/18 06:36:51","onechord","L16","Mod","ido22","靴業発祥の地","","onechord","Japan, Tokyo, Chuo, Irifune, 3 Chome−2 都道473号線","35.670247","139.775241"
"2016/01/18 06:13:04","onechord","L16","Resonator","keith0930","Stones","","onechord","Japan, Tokyo, Taito, Asakusa, ２丁目１６−７","35.715883","139.794202"
"2016/01/18 06:12:57","onechord","L16","Resonator","keith0930","浅草花やしき 浅草門","","onechord","Japan, Tokyo, Taito, Asakusa, ２丁目７−２４","35.715199","139.795065"
"2016/01/18 06:12:45","onechord","L16","Link","keith0930","ホテルラカシェット。","Stones: ","onechord","Japan, Tokyo, Taito, Asakusa, ２丁目１６−７","35.716030","139.795200"
"2016/01/18 06:12:44","onechord","L16","Resonator","keith0930","捨てられたピエロ","","","2 Chome-28-31 Asakusa, Taitō-ku, Tōkyō-to 111-0032, Japan","35.715803","139.795052"
"2016/01/18 06:12:33","onechord","L16","Resonator","keith0930","捨てられたピエロ","","onechord","2 Chome-28-31 Asakusa, Taitō-ku, Tōkyō-to 111-0032, Japan","35.715803","139.795052"
"2016/01/18 06:12:21","onechord","L16","Resonator","Zelvia","割烹 躍金楼","","27182818","1 Chome-10-4 Shintomi, Chūō-ku, Tōkyō-to 104-0041, Japan","35.672071","139.774712"
"2016/01/18 06:12:20","onechord","L16","Link","keith0930","Ｍr.デンジャー","Stones: ","onechord","Japan, Tokyo, Taito, Asakusa, ２丁目１６−７","35.716248","139.795823"
"2016/01/18 06:12:19","onechord","L16","Resonator","keith0930","捨てられたピエロ","","onechord","2 Chome-28-31 Asakusa, Taitō-ku, Tōkyō-to 111-0032, Japan","35.715803","139.795052"
"2016/01/18 06:10:29","onechord","L16","Resonator","keith0930","清水本店 鎧兜","","onechord","2 Chome-30-13 Asakusa, Taitō-ku, Tōkyō-to 111-0032, Japan","35.715938","139.796166"
"2016/01/18 06:10:25","onechord","L16","Link","keith0930","Ｍr.デンジャー","Lawson ローソン 浅草観音: ","onechord","[Unknown Location]","35.716248","139.795823"
"2016/01/18 06:10:24","onechord","L16","Resonator","keith0930","雷5656会館","","","Kototoi Dori, 3 Chome-6 Asakusa, Taitō-ku, Tōkyō-to 111-0032, Japan","35.716556","139.795952"
"2016/01/18 06:10:17","onechord","L16","Resonator","keith0930","清水本店 鎧兜","","onechord","2 Chome-30-13 Asakusa, Taitō-ku, Tōkyō-to 111-0032, Japan","35.715938","139.796166"
"2016/01/18 06:10:05","onechord","L16","Resonator","keith0930","Ｍr.デンジャー","","onechord","2 Chome-28-21 Asakusa, Taitō-ku, Tōkyō-to 111-0032, Japan","35.716248","139.795823"
"2016/01/18 06:10:02","onechord","L16","Resonator","keith0930","銅像","","ta2uu","Kototoi Dori, 3 Chome-4 Asakusa, Taito, Tokyo 111-0032, Japan","35.716364","139.796715"
"2016/01/18 06:10:00","onechord","L16","Link","keith0930","雷5656会館","Ｍr.デンジャー: ","onechord","[Unknown Location]","35.716556","139.795952"
"2016/01/18 06:09:58","onechord","L16","Resonator","keith0930","清水本店 鎧兜","","onechord","2 Chome-30-13 Asakusa, Taitō-ku, Tōkyō-to 111-0032, Japan","35.715938","139.796166"
"2016/01/18 06:09:31","onechord","L16","ResonatorAndMod","keith0930","梅むら","","","3 Chome-22-12 Asakusa, Taito, Tokyo, Japan","35.716707","139.796688"
"2016/01/18 06:07:56","onechord","L16","Resonator","keith0930","梅むら","","onechord","3 Chome-22-12 Asakusa, Taito, Tokyo, Japan","35.716707","139.796688"
"2016/01/18 06:07:54","onechord","L16","Resonator","keith0930","清水本店 鎧兜","","onechord","2 Chome-30-13 Asakusa, Taitō-ku, Tōkyō-to 111-0032, Japan","35.715938","139.796166"
"2016/01/18 06:07:53","onechord","L16","Link","keith0930","梅むら","雷5656会館: ","onechord","Kototoi Dori, 3 Chome-4 Asakusa, Taito, Tokyo 111-0032, Japan","35.716707","139.796688"
"2016/01/18 06:07:52","onechord","L16","Resonator","keith0930","梅むら","","onechord","3 Chome-22-12 Asakusa, Taito, Tokyo, Japan","35.716707","139.796688"
"2016/01/18 06:07:49","onechord","L16","Resonator","keith0930","清水本店 鎧兜","","onechord","2 Chome-30-13 Asakusa, Taitō-ku, Tōkyō-to 111-0032, Japan","35.715938","139.796166"
"2016/01/18 06:07:45","onechord","L16","Resonator","keith0930","梅むら","","onechord","3 Chome-22-12 Asakusa, Taito, Tokyo, Japan","35.716707","139.796688"
"2016/01/18 06:07:45","onechord","L16","Resonator","keith0930","梅むら","","onechord","3 Chome-22-12 Asakusa, Taito, Tokyo, Japan","35.716707","139.796688"
"2016/01/18 06:06:27","onechord","L16","ResonatorAndMod","keith0930","松尾芭蕉象潟の句碑","","","3 Chome-22-5 Asakusa, Taitō-ku, Tōkyō-to 111-0032, Japan","35.717020","139.796502"
"2016/01/18 06:06:21","onechord","L16","Resonator","keith0930","梅むら","","onechord","3 Chome-22-12 Asakusa, Taito, Tokyo, Japan","35.716707","139.796688"
"2016/01/18 06:06:17","onechord","L16","Resonator","keith0930","梅むら","","onechord","3 Chome-22-12 Asakusa, Taito, Tokyo, Japan","35.716707","139.796688"
"2016/01/18 06:06:13","onechord","L16","Resonator","keith0930","松尾芭蕉象潟の句碑","","onechord","3 Chome-22-5 Asakusa, Taitō-ku, Tōkyō-to 111-0032, Japan","35.717020","139.796502"
"2016/01/18 05:37:24","onechord","L16","Link","KJ963","西荻窪のピンクの象","こけし屋: ","matikooriginal2","3 Chome-15-4 Nishiogiminami, Suginami, Tokyo, Japan","35.703069","139.599971"
"2016/01/18 05:37:24","onechord","L16","Resonator","KJ963","鞍馬のオブジェ","","matikooriginal2","3 Chome-10-1 Nishiogiminami, Suginami-ku, Tōkyō-to, Japan","35.702974","139.599727"
"2016/01/18 05:37:21","onechord","L16","Resonator","KJ963","西荻窪のピンクの象","","matikooriginal2","3 Chome-9-10 Nishiogiminami, Suginami-ku, Tōkyō-to, Japan","35.703069","139.599971"
"2016/01/18 05:13:07","onechord","L16","Resonator","Zelvia","割烹 躍金楼","","27182818","1 Chome-10-4 Shintomi, Chūō-ku, Tōkyō-to 104-0041, Japan","35.672071","139.774712"
"2016/01/18 05:12:47","onechord","L16","Resonator","Zelvia","割烹 躍金楼","","27182818","1 Chome-10-4 Shintomi, Chūō-ku, Tōkyō-to 104-0041, Japan","35.672071","139.774712"
"2016/01/18 05:12:42","onechord","L16","Resonator","Zelvia","割烹 躍金楼","","27182818","1 Chome-10-4 Shintomi, Chūō-ku, Tōkyō-to 104-0041, Japan","35.672071","139.774712"
"2016/01/18 05:11:45","onechord","L16","Resonator","Zelvia","割烹 躍金楼","","27182818","1 Chome-10-4 Shintomi, Chūō-ku, Tōkyō-to 104-0041, Japan","35.672071","139.774712"
"2016/01/18 05:02:12","onechord","L16","Resonator","iPonta","トライアングルフォース","","","4 Chome-6-5 Hatchōbori, Chūō-ku, Tōkyō-to 104-0032, Japan","35.674453","139.775043"
"2016/01/18 05:02:07","onechord","L16","Resonator","iPonta","八丁堀の与力・同心組屋敷跡","","winqui","3 Chome-18-7 Hatchōbori, Chūō-ku, Tōkyō-to, Japan","35.674732","139.775886"
"2016/01/18 05:01:50","onechord","L16","Resonator","iPonta","トライポッド","","","4 Chome-5-5 Hatchōbori, Chūō-ku, Tōkyō-to 104-0032, Japan","35.674082","139.775171"
"2016/01/18 05:00:16","onechord","L16","Resonator","iPonta","トライポッド","","witchbloom","4 Chome-5-5 Hatchōbori, Chūō-ku, Tōkyō-to 104-0032, Japan","35.674082","139.775171"
"2016/01/18 04:59:24","onechord","L16","Resonator","iPonta","桜橋南西児童遊園","","","1 Chome-2-9 Shintomi, Chūō-ku, Tōkyō-to 104-0041, Japan","35.673600","139.774082"
"2016/01/18 04:59:24","onechord","L16","Resonator","iPonta","桜橋南西児童遊園","","","1 Chome-2-9 Shintomi, Chūō-ku, Tōkyō-to 104-0041, Japan","35.673600","139.774082"
"2016/01/18 04:59:20","onechord","L16","Resonator","iPonta","桜橋南西児童遊園","","onechord","1 Chome-2-9 Shintomi, Chūō-ku, Tōkyō-to 104-0041, Japan","35.673600","139.774082"
"2016/01/18 04:59:19","onechord","L16","Resonator","iPonta","桜橋南西児童遊園","","onechord","1 Chome-2-9 Shintomi, Chūō-ku, Tōkyō-to 104-0041, Japan","35.673600","139.774082"
"2016/01/18 04:59:15","onechord","L16","Resonator","iPonta","桜橋南西児童遊園","","onechord","1 Chome-2-9 Shintomi, Chūō-ku, Tōkyō-to 104-0041, Japan","35.673600","139.774082"
"2016/01/18 04:34:48","onechord","L16","Resonator","keith0930","松尾芭蕉象潟の句碑","","onechord","3 Chome-22-5 Asakusa, Taitō-ku, Tōkyō-to 111-0032, Japan","35.717020","139.796502"
"2016/01/18 04:34:45","onechord","L16","ResonatorAndMod","keith0930","浅草三業會舘の社","","","3 Chome-33-5 Asakusa, Taitō-ku, Tōkyō-to 111-0032, Japan","35.717444","139.796614"
"2016/01/18 04:23:32","onechord","L16","Resonator","sayama59","夫婦たぬき","","onechord","1 Chome-22-5 Asakusa, Taitō-ku, Tōkyō-to 111-0032, Japan","35.712054","139.793991"
"2016/01/18 04:00:50","onechord","L16","Resonator","forever0","内海桂子・好江（六区通り）","","onechord","Japan, 〒111-0032 Tōkyō-to, Taitō-ku, Asakusa いっぷく横丁","35.713332","139.793655"
"2016/01/18 04:00:48","onechord","L16","Resonator","forever0","浅草リトルシアター","","clomi9999","1 Chome-41-7 Asakusa, Taitō-ku, Tōkyō-to 111-0032, Japan","35.713196","139.793896"
"2016/01/18 03:55:32","onechord","L16","Mod","rakurakurara","西荻窪のピンクの象","","matikooriginal2","3 Chome-9-10 Nishiogiminami, Suginami-ku, Tōkyō-to, Japan","35.703069","139.599971"
"2016/01/18 03:55:28","onechord","L16","Mod","rakurakurara","こけし屋","","onechord","3 Chome-15-4 Nishiogiminami, Suginami, Tokyo, Japan","35.703194","139.601014"
"2016/01/18 03:55:27","onechord","L16","Link","rakurakurara","花の童子 Hananodoji","こけし屋: ","","3 Chome-9-10 Nishiogiminami, Suginami-ku, Tōkyō-to, Japan","35.703496","139.600301"
"2016/01/18 03:55:27","onechord","L16","Resonator","rakurakurara","花の童子 Hananodoji","","","3 Chome-13-1 Nishiogiminami, Suginami, Tokyo, Japan","35.703496","139.600301"
"2016/01/18 03:55:27","onechord","L16","Resonator","rakurakurara","鞍馬のオブジェ","","matikooriginal2","3 Chome-10-1 Nishiogiminami, Suginami-ku, Tōkyō-to, Japan","35.702974","139.599727"
"2016/01/18 03:54:51","onechord","L16","Mod","rakurakurara","西荻窪のピンクの象","","matikooriginal2","3 Chome-9-10 Nishiogiminami, Suginami-ku, Tōkyō-to, Japan","35.703069","139.599971"
"2016/01/18 03:01:57","onechord","L16","Resonator","tatsuyamamo","八丁堀駅(東京)","","","Unnamed Road, 4 Chome-8 Hatchobori, Chuo, Tokyo 104-0032, Japan","35.674443","139.776572"
"2016/01/18 02:23:16","onechord","L16","Resonator","kakun98","八丁堀駅(東京)","","ag67jp","Unnamed Road, 4 Chome-8 Hatchobori, Chuo, Tokyo 104-0032, Japan","35.674443","139.776572"
"2016/01/18 02:14:57","onechord","L16","Mod","chokitama","鞍馬のオブジェ","","matikooriginal2","3 Chome-10-1 Nishiogiminami, Suginami-ku, Tōkyō-to, Japan","35.702974","139.599727"
"2016/01/18 02:14:52","onechord","L16","Resonator","chokitama","花の童子 Hananodoji","","matikooriginal2","3 Chome-13-1 Nishiogiminami, Suginami, Tokyo, Japan","35.703496","139.600301"
"2016/01/18 00:17:52","onechord","L16","Link","saffronbuns","江戸町ご案内板","超巨大たい焼き: ","onechord","2 Chome-10-13 Asakusa, Taitō-ku, Tōkyō-to 111-0032, Japan","35.713503","139.793533"
"2016/01/18 00:17:50","onechord","L16","Resonator","saffronbuns","ドン・キホーテ浅草店","","","2 Chome-5-5 Asakusa, Taito, Tokyo, Japan","35.713674","139.793229"
"2016/01/18 00:17:49","onechord","L16","Resonator","saffronbuns","屋上東電稲荷","","","1 Chome-42-4 Asakusa, Taitō-ku, Tōkyō-to 111-0032, Japan","35.713150","139.793385"
"2016/01/18 00:17:45","onechord","L16","Resonator","saffronbuns","浅草リトルシアター","","clomi9999","1 Chome-41-7 Asakusa, Taitō-ku, Tōkyō-to 111-0032, Japan","35.713196","139.793896"
"2016/01/18 00:17:43","onechord","L16","Resonator","saffronbuns","ドン・キホーテ浅草店","","","2 Chome-5-5 Asakusa, Taito, Tokyo, Japan","35.713674","139.793229"
"2016/01/18 00:17:33","onechord","L16","Link","saffronbuns","内海桂子・好江（六区通り）","江戸町ご案内板: ","onechord","2 Chome-4-6 Asakusa, Taitō-ku, Tōkyō-to 111-0032, Japan","35.713332","139.793655"
"2016/01/18 00:17:33","onechord","L16","Resonator","saffronbuns","内海桂子・好江（六区通り）","","onechord","Japan, 〒111-0032 Tōkyō-to, Taitō-ku, Asakusa いっぷく横丁","35.713332","139.793655"
"2016/01/18 00:17:32","onechord","L16","Resonator","saffronbuns","江戸町ご案内板","","onechord","2 Chome-4-6 Asakusa, Taitō-ku, Tōkyō-to 111-0032, Japan","35.713503","139.793533"
"2016/01/18 00:17:32","onechord","L16","Resonator","saffronbuns","ドン・キホーテ浅草店","","onechord","2 Chome-5-5 Asakusa, Taito, Tokyo, Japan","35.713674","139.793229"
"2016/01/18 00:17:26","onechord","L16","Resonator","saffronbuns","ドン・キホーテ浅草店","","onechord","2 Chome-5-5 Asakusa, Taito, Tokyo, Japan","35.713674","139.793229"
"2016/01/18 00:16:38","onechord","L16","Link","saffronbuns","内海桂子・好江（六区通り）","屋上東電稲荷: ","onechord","1 Chome-42-4 Asakusa, Taitō-ku, Tōkyō-to 111-0032, Japan","35.713332","139.793655"
"2016/01/18 00:16:38","onechord","L16","Resonator","saffronbuns","屋上東電稲荷","","onechord","1 Chome-42-4 Asakusa, Taitō-ku, Tōkyō-to 111-0032, Japan","35.713150","139.793385"
"2016/01/18 00:16:36","onechord","L16","Resonator","saffronbuns","屋上東電稲荷","","onechord","1 Chome-42-4 Asakusa, Taitō-ku, Tōkyō-to 111-0032, Japan","35.713150","139.793385"
"2016/01/18 00:16:34","onechord","L16","Link","saffronbuns","屋上東電稲荷","浅草演芸ホール: ","onechord","Japan, Tokyo, Taito, Asakusa, １丁目４３−１２","35.713150","139.793385"
"2016/01/18 00:16:32","onechord","L16","Resonator","saffronbuns","浅草演芸ホール","","onechord","Japan, Tokyo, Taito, Asakusa, １丁目４３−１２","35.713460","139.793200"
"2016/01/18 00:15:53","onechord","L16","Resonator","saffronbuns","浅草リトルシアター","","clomi9999","1 Chome-41-7 Asakusa, Taitō-ku, Tōkyō-to 111-0032, Japan","35.713196","139.793896"
"2016/01/18 00:15:47","onechord","L16","Resonator","saffronbuns","内海桂子・好江（六区通り）","","onechord","Japan, 〒111-0032 Tōkyō-to, Taitō-ku, Asakusa いっぷく横丁","35.713332","139.793655"
"2016/01/18 00:15:42","onechord","L16","Resonator","saffronbuns","屋上東電稲荷","","onechord","1 Chome-42-4 Asakusa, Taitō-ku, Tōkyō-to 111-0032, Japan","35.713150","139.793385"
"2016/01/18 00:15:42","onechord","L16","Resonator","saffronbuns","浅草演芸ホール","","onechord","Japan, Tokyo, Taito, Asakusa, １丁目４３−１２","35.713460","139.793200"
"2016/01/18 00:15:31","onechord","L16","Resonator","saffronbuns","つくばエクスプレス浅草駅","","","1 Chome-43-8 Asakusa, Taito, Tokyo, Japan","35.713663","139.792765"
"2016/01/18 00:15:29","onechord","L16","Resonator","saffronbuns","浅草演芸ホール","","onechord","Japan, Tokyo, Taito, Asakusa, １丁目４３−１２","35.713460","139.793200"
"2016/01/18 00:15:21","onechord","L16","Link","saffronbuns","つくばエクスプレス浅草駅","浅草パークホール壁画: ","","2 Chome-10-13 Asakusa, Taitō-ku, Tōkyō-to 111-0032, Japan","35.713663","139.792765"
"2016/01/18 00:15:20","onechord","L16","Resonator","saffronbuns","つくばエクスプレス浅草駅","","onechord","1 Chome-43-8 Asakusa, Taito, Tokyo, Japan","35.713663","139.792765"
"2016/01/18 00:15:20","onechord","L16","Resonator","saffronbuns","つくばエクスプレス浅草駅","","onechord","1 Chome-43-8 Asakusa, Taito, Tokyo, Japan","35.713663","139.792765"
"2016/01/18 00:15:18","onechord","L16","Resonator","saffronbuns","バッティングドーム","","onechord","1 Chome-40-3 Asakusa, Taitō-ku, Tōkyō-to, Japan","35.712762","139.793784"
"2016/01/18 00:15:17","onechord","L16","Link","saffronbuns","つくばエクスプレス 浅草駅 A1出口","つくばエクスプレス浅草駅: ","","1 Chome-43-8 Asakusa, Taito, Tokyo, Japan","35.713531","139.792559"
"2016/01/18 00:15:16","onechord","L16","Resonator","saffronbuns","つくばエクスプレス 浅草駅 A1出口","","","Unnamed Road, 1 Chome-43 Asakusa, Taitō-ku, Tōkyō-to 111-0032, Japan","35.713531","139.792559"
"2016/01/18 00:13:49","onechord","L16","Resonator","sibekazu","めぐみ地蔵尊","","maru5","Japan, Tokyo, Taito, Asakusa, ２丁目２９−１","35.715082","139.795882"
"2016/01/18 00:12:28","onechord","L16","Resonator","taityon","浅草三業會舘の社","","onechord","3 Chome-33-5 Asakusa, Taitō-ku, Tōkyō-to 111-0032, Japan","35.717444","139.796614"
"2016/01/18 00:12:25","onechord","L16","Resonator","taityon","浅草三業會舘の社","","onechord","3 Chome-33-5 Asakusa, Taitō-ku, Tōkyō-to 111-0032, Japan","35.717444","139.796614"
"2016/01/18 00:12:24","onechord","L16","Resonator","taityon","松尾芭蕉象潟の句碑","","onechord","3 Chome-22-5 Asakusa, Taitō-ku, Tōkyō-to 111-0032, Japan","35.717020","139.796502"
"2016/01/18 00:12:15","onechord","L16","Resonator","taityon","浅草三業會舘の社","","onechord","3 Chome-33-5 Asakusa, Taitō-ku, Tōkyō-to 111-0032, Japan","35.717444","139.796614"
"2016/01/18 00:12:13","onechord","L16","Link","taityon","浅草三業會舘の社","ひまわり: ","onechord","4 Chome-11-1 Asakusa, Taitō-ku, Tōkyō-to 111-0032, Japan","35.717444","139.796614"
"2016/01/18 00:12:12","onechord","L16","Resonator","taityon","ひまわり","","onechord","4 Chome-11-1 Asakusa, Taitō-ku, Tōkyō-to 111-0032, Japan","35.718077","139.796733"
"2016/01/18 00:12:06","onechord","L16","Resonator","taityon","ひまわり","","onechord","4 Chome-11-1 Asakusa, Taitō-ku, Tōkyō-to 111-0032, Japan","35.718077","139.796733"
"2016/01/18 00:12:06","onechord","L16","Resonator","taityon","曙湯","","onechord","4 Chome-17-1 Asakusa, Taitō, Tokyo, Japan","35.718162","139.795409"
"2016/01/18 00:12:03","onechord","L16","Resonator","taityon","浅草三業會舘の社","","onechord","3 Chome-33-5 Asakusa, Taitō-ku, Tōkyō-to 111-0032, Japan","35.717444","139.796614"
"2016/01/18 00:12:02","onechord","L16","Resonator","taityon","浅草三業會舘の社","","onechord","3 Chome-33-5 Asakusa, Taitō-ku, Tōkyō-to 111-0032, Japan","35.717444","139.796614"
"2016/01/18 00:11:59","onechord","L16","Resonator","taityon","曙湯","","onechord","4 Chome-17-1 Asakusa, Taitō, Tokyo, Japan","35.718162","139.795409"
"2016/01/18 00:11:53","onechord","L16","Resonator","taityon","浅草三業會舘の社","","onechord","3 Chome-33-5 Asakusa, Taitō-ku, Tōkyō-to 111-0032, Japan","35.717444","139.796614"
"2016/01/18 00:11:50","onechord","L16","Resonator","taityon","浅草三業會舘の社","","onechord","3 Chome-33-5 Asakusa, Taitō-ku, Tōkyō-to 111-0032, Japan","35.717444","139.796614"
"2016/01/18 00:11:49","onechord","L16","Resonator","taityon","曙湯","","onechord","4 Chome-17-1 Asakusa, Taitō, Tokyo, Japan","35.718162","139.795409"
"2016/01/18 00:11:00","onechord","L16","Resonator","sibekazu","仲見世","","","1 Chome-32-8 Asakusa, Taitō-ku, Tōkyō-to 111-0032, Japan","35.712428","139.796506"
"2016/01/17 23:54:17","onechord","L16","Resonator","southflowMt","つくばエクスプレス 浅草駅 A1出口","","onechord","Unnamed Road, 1 Chome-43 Asakusa, Taitō-ku, Tōkyō-to 111-0032, Japan","35.713531","139.792559"
"2016/01/17 23:53:52","onechord","L16","Resonator","southflowMt","つくばエクスプレス 浅草駅 A1出口","","onechord","Unnamed Road, 1 Chome-43 Asakusa, Taitō-ku, Tōkyō-to 111-0032, Japan","35.713531","139.792559"
"2016/01/17 23:53:49","onechord","L16","Resonator","southflowMt","屋上東電稲荷","","onechord","1 Chome-42-4 Asakusa, Taitō-ku, Tōkyō-to 111-0032, Japan","35.713150","139.793385"
"2016/01/17 23:40:09","onechord","L16","Link","photo2you","西荻窪平和児童公園","Lawson ローソン 西荻マイロード: ","onechord","[Unknown Location]","35.703357","139.602138"
"2016/01/17 22:51:22","onechord","L16","Resonator","otakumata","JR西荻窪駅","","j0c","Japan, 西荻窪駅（バス）（Tokyo）","35.703981","139.600233"
"2016/01/17 22:51:08","onechord","L16","Mod","otakumata","JR西荻窪駅","","j0c","Japan, 西荻窪駅（バス）（Tokyo）","35.703981","139.600233"
"2016/01/17 22:50:58","onechord","L16","Mod","otakumata","西荻窪平和児童公園","","onechord","3 Chome-18-9 Nishiogiminami, Suginami-ku, Tōkyō-to, Japan","35.703357","139.602138"
"2016/01/17 22:50:56","onechord","L16","Resonator","otakumata","花の童子 Hananodoji","","j0c","3 Chome-13-1 Nishiogiminami, Suginami, Tokyo, Japan","35.703496","139.600301"
"2016/01/17 22:50:36","onechord","L16","Resonator","otakumata","こけし屋","","","3 Chome-15-4 Nishiogiminami, Suginami, Tokyo, Japan","35.703194","139.601014"
"2016/01/17 22:50:29","onechord","L16","Link","otakumata","こけし屋","西荻窪のピンクの象: ","marceros","3 Chome-13-1 Nishiogiminami, Suginami, Tokyo, Japan","35.703194","139.601014"
"2016/01/17 22:50:27","onechord","L16","Resonator","otakumata","こけし屋","","marceros","3 Chome-15-4 Nishiogiminami, Suginami, Tokyo, Japan","35.703194","139.601014"
"2016/01/17 22:50:26","onechord","L16","Resonator","otakumata","こけし屋","","marceros","3 Chome-15-4 Nishiogiminami, Suginami, Tokyo, Japan","35.703194","139.601014"
"2016/01/17 22:50:23","onechord","L16","Resonator","otakumata","こけし屋","","marceros","3 Chome-15-4 Nishiogiminami, Suginami, Tokyo, Japan","35.703194","139.601014"
"2016/01/17 22:48:56","onechord","L16","Link","otakumata","こけし屋","幸せ地蔵 Siawase Jizo: ","marceros","Japan, Tokyo, Suginami, Nishiogiminami, ２丁目２２−９","35.703194","139.601014"
"2016/01/17 22:48:55","onechord","L16","Link","otakumata","こけし屋","アンティーク時　置物: ","marceros","2 Chome-23-12 Nishiogiminami, Suginami-ku, Tōkyō-to 167-0053, Japan","35.703194","139.601014"
"2016/01/17 22:27:41","onechord","L16","Link","huku8","つくばエクスプレス浅草駅","浅草今半: ","onechord","Japan, 〒111-0032 Tokyo, Taito, Asakusa, 2 Chome−11 都道462号線","35.713663","139.792765"
"2016/01/17 22:27:40","onechord","L16","Resonator","huku8","浅草今半","","onechord","Japan, 〒111-0032 Tokyo, Taito, Asakusa, 2 Chome−11 都道462号線","35.713879","139.792331"
"2016/01/17 22:27:38","onechord","L16","Resonator","huku8","つくばエクスプレス 浅草駅 A1出口","","onechord","Unnamed Road, 1 Chome-43 Asakusa, Taitō-ku, Tōkyō-to 111-0032, Japan","35.713531","139.792559"
"2016/01/17 22:27:30","onechord","L16","Resonator","huku8","浅草今半","","onechord","Japan, 〒111-0032 Tokyo, Taito, Asakusa, 2 Chome−11 都道462号線","35.713879","139.792331"
"2016/01/17 22:27:30","onechord","L16","Resonator","huku8","つくばエクスプレス浅草駅","","onechord","1 Chome-43-8 Asakusa, Taito, Tokyo, Japan","35.713663","139.792765"
"2016/01/17 22:27:25","onechord","L16","Resonator","huku8","浅草今半","","onechord","Japan, 〒111-0032 Tokyo, Taito, Asakusa, 2 Chome−11 都道462号線","35.713879","139.792331"
"2016/01/17 22:27:23","onechord","L16","Resonator","huku8","つくばエクスプレス浅草駅","","onechord","1 Chome-43-8 Asakusa, Taito, Tokyo, Japan","35.713663","139.792765"
"2016/01/17 22:26:47","onechord","L16","Mod","huku8","つくばエクスプレス浅草駅","","onechord","1 Chome-43-8 Asakusa, Taito, Tokyo, Japan","35.713663","139.792765"
"2016/01/17 21:44:17","onechord","L16","Resonator","DELTA333","浅草オレンジ通り","","emanontokyo","1 Chome-4-5 Asakusa, Taitō-ku, Tōkyō-to 111-0032, Japan","35.711243","139.794772"
"2016/01/17 21:43:53","onechord","L16","Resonator","DELTA333","Lawson ローソン 台東浅草新仲見世通","","onechord","[Unknown Location]","35.712273","139.793696"
"2016/01/17 21:43:26","onechord","L16","Resonator","DELTA333","Tanuki's Street（たぬき横丁）","","","1 Chome-16-9 Asakusa, Taito, Tokyo, Japan","35.711873","139.794623"
"2016/01/17 14:26:10","onechord","L16","Resonator","Chloanne","愛情たぬき","","","1 Chome-22-4 Asakusa, Taitō-ku, Tōkyō-to 111-0032, Japan","35.711985","139.794241"
"2016/01/17 14:17:26","onechord","L16","Resonator","Chloanne","板","","","1 Chome-31-3 Asakusa, Taitō-ku, Tōkyō-to 111-0032, Japan","35.712199","139.796136"
"2016/01/17 13:46:00","onechord","L16","Resonator","tacosx","天祖神社みずをだす龍","","tacosx","2 Chome-37-22 Minamiogikubo, Suginami, Tokyo, Japan","35.700551","139.609363"
"2016/01/17 13:45:04","onechord","L16","Resonator","tacosx","天祖神社鳥居","","tacosx","3 Chome-6-1 Minamiogikubo, Suginami-ku, Tōkyō-to 167-0052, Japan","35.700675","139.609193"
"2016/01/17 13:43:23","onechord","L16","Link","tacosx","西荻窪平和児童公園","天祖神社由来: ","onechord","2 Chome-36-11 Minamiogikubo, Suginami, Tokyo, Japan","35.703357","139.602138"
"2016/01/17 13:43:21","onechord","L16","Resonator","tacosx","天祖神社由来","","tacosx","2 Chome-36-11 Minamiogikubo, Suginami, Tokyo, Japan","35.700728","139.608710"
"2016/01/17 13:41:08","onechord","L16","Link","Apnan","西荻窪平和児童公園","Kirakuen: ","onechord","2 Chome-21-8 Nishiogiminami, Suginami-ku, Tōkyō-to 167-0053, Japan","35.703357","139.602138"
"2016/01/17 13:40:40","onechord","L16","Link","tacosx","西荻窪平和児童公園","西荻南イエス・キリストの教会: ","onechord","4 Chome-11-11 Nishiogiminami, Suginami-ku, Tōkyō-to 167-0053, Japan","35.703357","139.602138"
"2016/01/17 13:40:39","onechord","L16","Resonator","tacosx","西荻南イエス・キリストの教会","","tacosx","4 Chome-11-11 Nishiogiminami, Suginami-ku, Tōkyō-to 167-0053, Japan","35.701235","139.606283"
"2016/01/17 13:27:05","onechord","L16","Resonator","nwoadero","浅草今半","","onechord","Japan, 〒111-0032 Tokyo, Taito, Asakusa, 2 Chome−11 都道462号線","35.713879","139.792331"
"2016/01/17 13:26:49","onechord","L16","Resonator","nwoadero","つくばエクスプレス浅草駅","","onechord","1 Chome-43-8 Asakusa, Taito, Tokyo, Japan","35.713663","139.792765"
"2016/01/17 13:26:38","onechord","L16","Resonator","nwoadero","浅草今半","","onechord","Japan, 〒111-0032 Tokyo, Taito, Asakusa, 2 Chome−11 都道462号線","35.713879","139.792331"
"2016/01/17 13:10:18","onechord","L16","Resonator","oredaown","つくばエクスプレス浅草駅","","onechord","1 Chome-43-8 Asakusa, Taito, Tokyo, Japan","35.713663","139.792765"
"2016/01/17 13:09:38","onechord","L16","Resonator","oredaown","つくばエクスプレス浅草駅","","onechord","1 Chome-43-8 Asakusa, Taito, Tokyo, Japan","35.713663","139.792765"
"2016/01/17 13:09:06","onechord","L16","Resonator","oredaown","唄神","","onechord","1 Chome-26-4 Asakusa, Taito, Tokyo, Japan","35.712509","139.793231"
"2016/01/17 12:44:47","onechord","L16","Link","pippinatmark","長國寺","Saitokuji: ","onechord","3 Chome-19-2 Senzoku, Taito, Tokyo, Japan","35.723028","139.791307"
"2016/01/17 12:44:47","onechord","L16","Resonator","pippinatmark","長國寺","","onechord","3 Chome-19-7 Senzoku, Taitō, Tokyo, Japan","35.723028","139.791307"
"2016/01/17 12:44:44","onechord","L16","Resonator","pippinatmark","長国寺","","onechord","3 Chome-19-2 Senzoku, Taito, Tokyo, Japan","35.723026","139.791875"
"2016/01/17 12:44:43","onechord","L16","Link","pippinatmark","Otori Shrine Gate","Ootori Shrine (鷲神社): ","","3 Chome-19-2 Senzoku, Taito, Tokyo, Japan","35.722478","139.791306"
"2016/01/17 12:44:42","onechord","L16","Resonator","pippinatmark","Otori Shrine Gate","","","Japan, 〒111-0031 Tokyo, Taito, Senzoku, 3 Chome 都道462号線","35.722478","139.791306"
"2016/01/17 12:44:41","onechord","L16","Resonator","pippinatmark","Otori Shrine Gate","","","Japan, 〒111-0031 Tokyo, Taito, Senzoku, 3 Chome 都道462号線","35.722478","139.791306"
"2016/01/17 12:44:40","onechord","L16","Resonator","pippinatmark","Otori Shrine Gate","","onechord","Japan, 〒111-0031 Tokyo, Taito, Senzoku, 3 Chome 都道462号線","35.722478","139.791306"
"2016/01/17 12:44:36","onechord","L16","Resonator","pippinatmark","長國寺","","onechord","3 Chome-19-7 Senzoku, Taitō, Tokyo, Japan","35.723028","139.791307"
"2016/01/17 12:44:34","onechord","L16","Resonator","pippinatmark","Otori Shrine Gate","","onechord","Japan, 〒111-0031 Tokyo, Taito, Senzoku, 3 Chome 都道462号線","35.722478","139.791306"
"2016/01/17 12:44:31","onechord","L16","Resonator","pippinatmark","Ootori Shrine (鷲神社)","","onechord","3 Chome-18-7 Senzoku, Taitō, Tokyo, Japan","35.722523","139.791868"
"2016/01/17 12:44:28","onechord","L16","Resonator","pippinatmark","長国寺","","onechord","3 Chome-19-2 Senzoku, Taito, Tokyo, Japan","35.723026","139.791875"
"2016/01/17 12:44:25","onechord","L16","Resonator","pippinatmark","長国寺","","onechord","3 Chome-19-2 Senzoku, Taito, Tokyo, Japan","35.723026","139.791875"
"2016/01/17 12:44:04","onechord","L16","Mod","pippinatmark","Otori Shrine Gate","","onechord","Japan, 〒111-0031 Tokyo, Taito, Senzoku, 3 Chome 都道462号線","35.722478","139.791306"
"2016/01/17 12:25:07","onechord","L16","Resonator","alligatorgar","浅草半助地蔵尊","","rascaltan107","4 Chome-21-5 Asakusa, Taitō-ku, Tōkyō-to 111-0032, Japan","35.718754","139.794523"
"2016/01/17 12:25:06","onechord","L16","Link","alligatorgar","浅草半助地蔵尊","曙湯: ","rascaltan107","4 Chome-17-1 Asakusa, Taitō, Tokyo, Japan","35.718754","139.794523"
"2016/01/17 12:25:04","onechord","L16","Resonator","alligatorgar","浅草半助地蔵尊","","rascaltan107","4 Chome-21-5 Asakusa, Taitō-ku, Tōkyō-to 111-0032, Japan","35.718754","139.794523"
"2016/01/17 12:23:54","onechord","L16","Resonator","alligatorgar","千束公園","","","4 Chome-24-2 Asakusa, Taitō-ku, Tōkyō-to 111-0032, Japan","35.718480","139.793829"
"2016/01/17 12:23:47","onechord","L16","Link","alligatorgar","千束公園","浅草半助地蔵尊: ","onechord","4 Chome-21-5 Asakusa, Taitō-ku, Tōkyō-to 111-0032, Japan","35.718480","139.793829"
"2016/01/17 12:23:46","onechord","L16","Resonator","alligatorgar","千束公園","","onechord","4 Chome-24-2 Asakusa, Taitō-ku, Tōkyō-to 111-0032, Japan","35.718480","139.793829"
"2016/01/17 12:23:32","onechord","L16","Resonator","alligatorgar","千束公園","","onechord","4 Chome-24-2 Asakusa, Taitō-ku, Tōkyō-to 111-0032, Japan","35.718480","139.793829"
"2016/01/17 12:23:29","onechord","L16","Resonator","alligatorgar","千束公園","","onechord","4 Chome-24-2 Asakusa, Taitō-ku, Tōkyō-to 111-0032, Japan","35.718480","139.793829"
"2016/01/17 12:23:23","onechord","L16","Resonator","alligatorgar","千束公園","","onechord","4 Chome-24-2 Asakusa, Taitō-ku, Tōkyō-to 111-0032, Japan","35.718480","139.793829"
"2016/01/17 12:23:15","onechord","L16","Resonator","alligatorgar","千束公園","","onechord","4 Chome-24-2 Asakusa, Taitō-ku, Tōkyō-to 111-0032, Japan","35.718480","139.793829"
"2016/01/17 12:23:14","onechord","L16","Resonator","alligatorgar","千束公園","","onechord","4 Chome-24-2 Asakusa, Taitō-ku, Tōkyō-to 111-0032, Japan","35.718480","139.793829"
"2016/01/17 11:26:35","onechord","L16","Resonator","molybden","小さな庭","","","1 Chome-10-6 Asakusabashi, Taito, Tokyo, Japan","35.697132","139.784653"
"2016/01/17 11:25:52","onechord","L16","Resonator","baoh2015","小さな庭","","onechord","1 Chome-10-6 Asakusabashi, Taito, Tokyo, Japan","35.697132","139.784653"
"2016/01/17 11:25:48","onechord","L16","Resonator","molybden","加賀屋","","","1 Chome-12-8 Asakusabashi, Taitō-ku, Tōkyō-to, Japan","35.697238","139.783969"
"2016/01/17 10:49:12","onechord","L16","Resonator","pippinatmark","愛情たぬき","","onechord","1 Chome-22-4 Asakusa, Taitō-ku, Tōkyō-to 111-0032, Japan","35.711985","139.794241"
"2016/01/17 10:49:03","onechord","L16","Resonator","pippinatmark","アンヂェラス","","","1 Chome-17-6 Asakusa, Taitō-ku, Tōkyō-to 111-0032, Japan","35.711653","139.794857"
"2016/01/17 10:49:02","onechord","L16","Link","pippinatmark","Japanese silhouette","浅草オレンジ通り: ","","1 Chome-4-5 Asakusa, Taitō-ku, Tōkyō-to 111-0032, Japan","35.711440","139.794951"
"2016/01/17 10:49:01","onechord","L16","Resonator","pippinatmark","Japanese silhouette","","PoussinTesla","1 Chome-17-5 Asakusa, Taitō-ku, Tōkyō-to 111-0032, Japan","35.711440","139.794951"
"2016/01/17 10:43:26","onechord","L16","Resonator","pippinatmark","河竹默阿弥翁住居跡之碑","","","1 Chome-32-7 Asakusa, Taito, Tokyo, Japan","35.712243","139.796722"
"2016/01/17 10:43:24","onechord","L16","Resonator","pippinatmark","仲見世","","onechord","1 Chome-32-8 Asakusa, Taitō-ku, Tōkyō-to 111-0032, Japan","35.712428","139.796506"
"2016/01/17 10:43:09","onechord","L16","Resonator","pippinatmark","Japanese silhouette","","PoussinTesla","1 Chome-17-5 Asakusa, Taitō-ku, Tōkyō-to 111-0032, Japan","35.711440","139.794951"
"2016/01/17 10:43:06","onechord","L16","Resonator","pippinatmark","河竹默阿弥翁住居跡之碑","","onechord","1 Chome-32-7 Asakusa, Taito, Tokyo, Japan","35.712243","139.796722"
"2016/01/17 10:42:58","onechord","L16","Resonator","pippinatmark","鬼瓦","","","1 Chome-19-5 Asakusa, Taito, Tokyo, Japan","35.711783","139.796506"
"2016/01/17 10:42:55","onechord","L16","Resonator","pippinatmark","shutter art paint syogun","","","1 Chome-19-4 Asakusa, Taitō-ku, Tōkyō-to 111-0032, Japan","35.711551","139.796470"
"2016/01/17 10:38:08","onechord","L16","Resonator","matidamedia","Tanuki's Street（たぬき横丁）","","onechord","1 Chome-16-9 Asakusa, Taito, Tokyo, Japan","35.711873","139.794623"
"2016/01/17 10:38:07","onechord","L16","Resonator","matidamedia","三菱東京UFJ銀行　雷門支店","","","1 Chome-4-3 Asakusa, Taitō-ku, Tōkyō-to 111-0032, Japan","35.711204","139.795107"
"2016/01/17 10:38:05","onechord","L16","Resonator","matidamedia","三菱東京UFJ銀行　雷門支店","","","1 Chome-4-3 Asakusa, Taitō-ku, Tōkyō-to 111-0032, Japan","35.711204","139.795107"
"2016/01/17 10:29:05","onechord","L16","Resonator","pippinatmark","文扇堂","","vushiv","1 Chome-20-2 Asakusa, Taitō-ku, Tōkyō-to 111-0032, Japan","35.711606","139.796258"
"2016/01/17 10:29:04","onechord","L16","Resonator","pippinatmark","鬼瓦","","onechord","1 Chome-19-5 Asakusa, Taito, Tokyo, Japan","35.711783","139.796506"
"2016/01/17 08:52:43","onechord","L16","Link","kagehara","江戸下町伝統工芸館","ひさご通り: ","onechord","Kototoi Dori, 3 Chome Asakusa, Taito, Tokyo 111-0032, Japan","35.716373","139.793892"
"2016/01/17 08:52:43","onechord","L16","Resonator","kagehara","江戸下町伝統工芸館","","onechord","2 Chome-22-13 Asakusa, Taito, Tokyo, Japan","35.716373","139.793892"
"2016/01/17 08:52:33","onechord","L16","Resonator","kagehara","ひさご通り","","onechord","Kototoi Dori, 3 Chome Asakusa, Taito, Tokyo 111-0032, Japan","35.716839","139.794074"
"2016/01/17 08:52:29","onechord","L16","Resonator","kagehara","Stones","","onechord","Japan, Tokyo, Taito, Asakusa, ２丁目１６−７","35.715883","139.794202"
"2016/01/17 08:51:31","onechord","L16","Resonator","kagehara","江戸下町伝統工芸館","","onechord","2 Chome-22-13 Asakusa, Taito, Tokyo, Japan","35.716373","139.793892"
"2016/01/17 08:50:17","onechord","L16","Resonator","kagehara","江戸下町伝統工芸館","","onechord","2 Chome-22-13 Asakusa, Taito, Tokyo, Japan","35.716373","139.793892"
"2016/01/17 08:50:14","onechord","L16","Resonator","kagehara","ひさご通り","","onechord","Kototoi Dori, 3 Chome Asakusa, Taito, Tokyo 111-0032, Japan","35.716839","139.794074"
"2016/01/17 08:50:03","onechord","L16","Resonator","kagehara","江戸下町伝統工芸館","","onechord","2 Chome-22-13 Asakusa, Taito, Tokyo, Japan","35.716373","139.793892"
"2016/01/17 08:49:59","onechord","L16","Resonator","kagehara","浅草一文 ねぎま鍋","","","3 Chome-12-6 Asakusa, Taitō-ku, Tōkyō-to 111-0032, Japan","35.717557","139.793043"
"2016/01/17 08:49:58","onechord","L16","Link","kagehara","浅草国際通り","JIGGY AREA: ","ezakikuY","2 Chome-20-8 Asakusa, Taitō-ku, Tōkyō-to 111-0032, Japan","35.717050","139.792888"
"2016/01/17 08:49:58","onechord","L16","Resonator","kagehara","浅草一文 ねぎま鍋","","","3 Chome-12-6 Asakusa, Taitō-ku, Tōkyō-to 111-0032, Japan","35.717557","139.793043"
"2016/01/17 08:49:55","onechord","L16","Link","kagehara","JIGGY AREA","浅草一文 ねぎま鍋: ","behappy5592","3 Chome-12-6 Asakusa, Taitō-ku, Tōkyō-to 111-0032, Japan","35.717317","139.793096"
"2016/01/17 08:49:54","onechord","L16","Resonator","kagehara","浅草一文 ねぎま鍋","","onechord","3 Chome-12-6 Asakusa, Taitō-ku, Tōkyō-to 111-0032, Japan","35.717557","139.793043"
"2016/01/17 08:49:51","onechord","L16","Resonator","kagehara","浅草一文 ねぎま鍋","","onechord","3 Chome-12-6 Asakusa, Taitō-ku, Tōkyō-to 111-0032, Japan","35.717557","139.793043"
"2016/01/17 08:49:50","onechord","L16","Link","kagehara","日蓮宗 壽仙院","JIGGY AREA: ","","2 Chome-19-5 Asakusa, Taitō-ku, Tōkyō-to 111-0032, Japan","35.717042","139.792482"
"2016/01/17 08:49:49","onechord","L16","Resonator","kagehara","浅草一文 ねぎま鍋","","onechord","3 Chome-12-6 Asakusa, Taitō-ku, Tōkyō-to 111-0032, Japan","35.717557","139.793043"
"2016/01/17 08:49:44","onechord","L16","Resonator","kagehara","浅草国際通り","","ezakikuY","2 Chome-19-5 Asakusa, Taitō-ku, Tōkyō-to 111-0032, Japan","35.717050","139.792888"
"2016/01/17 08:49:30","onechord","L16","Resonator","kagehara","浅草国際通り","","ezakikuY","2 Chome-19-5 Asakusa, Taitō-ku, Tōkyō-to 111-0032, Japan","35.717050","139.792888"
"2016/01/17 08:49:29","onechord","L16","Resonator","kagehara","日蓮宗 壽仙院","","rascaltan107","Kokusai Dori, Taitō-ku, Tōkyō-to, Japan","35.717042","139.792482"
"2016/01/17 08:49:24","onechord","L16","Resonator","kagehara","日蓮宗 壽仙院","","rascaltan107","Kokusai Dori, Taitō-ku, Tōkyō-to, Japan","35.717042","139.792482"
"2016/01/17 08:49:22","onechord","L16","Resonator","kagehara","日蓮宗 壽仙院","","rascaltan107","Kokusai Dori, Taitō-ku, Tōkyō-to, Japan","35.717042","139.792482"
"2016/01/17 08:49:02","onechord","L16","Resonator","H05","Stones","","onechord","Japan, Tokyo, Taito, Asakusa, ２丁目１６−７","35.715883","139.794202"
"2016/01/17 08:48:51","onechord","L16","Resonator","H05","Stones","","onechord","Japan, Tokyo, Taito, Asakusa, ２丁目１６−７","35.715883","139.794202"
"2016/01/17 08:48:00","onechord","L16","Resonator","snacknyan2","鞍馬のオブジェ","","KonaExplosif","3 Chome-10-1 Nishiogiminami, Suginami-ku, Tōkyō-to, Japan","35.702974","139.599727"
"2016/01/17 08:44:30","onechord","L16","Resonator","snacknyan2","西荻窪のピンクの象","","KonaExplosif","3 Chome-9-10 Nishiogiminami, Suginami-ku, Tōkyō-to, Japan","35.703069","139.599971"
"2016/01/17 08:39:30","onechord","L16","Resonator","huta93","パパパパパイン","","","3 Chome-25-9 Nishiogiminami, Suginami-ku, Tōkyō-to 167-0053, Japan","35.703555","139.599326"
"2016/01/17 08:29:36","onechord","L16","Resonator","makokat","西荻窪平和児童公園","","onechord","3 Chome-18-9 Nishiogiminami, Suginami-ku, Tōkyō-to, Japan","35.703357","139.602138"
"2016/01/17 08:16:51","onechord","L16","Resonator","tacosx","前進座劇場","","Hiroa7070","Inokashira Dori, ３丁目 Kichijoji Minamicho, Musashino, Tokyo 180-0003, Japan","35.699327","139.587089"
